documento,nombre,correo,telefono,plan,monto,periodicidad,fecha_primer_cobro
44871203,Lucía Ramírez Paredes,lucia.ramirez@gmail.com,987654321,YOKI Full,89.00,MENSUAL,2026-10-05
41209887,Diego Salcedo Vargas,diego.salcedo@outlook.com,986112340,YOKI Full,89.00,MENSUAL,2026-10-05
70123456,Mariana Ocampo Ruiz,mariana.ocampo@gmail.com,912223344,YOKI Esencial,49.00,MENSUAL,2026-10-05
09887654,Carlos Benavides León,cbenavides@empresa.pe,998877665,YOKI Esencial,49.00,MENSUAL,2026-10-05
46552118,Andrea Chávez Molina,andrea.chavez@gmail.com,977665544,YOKI Full,89.00,MENSUAL,2026-10-12
72884190,Renzo Ibáñez Cortez,renzo.ibanez@gmail.com,933221100,YOKI Corporativo,249.00,MENSUAL,2026-10-12
20512345678,Servicios Andinos SAC,facturacion@serviciosandinos.pe,914785236,YOKI Corporativo,249.00,MENSUAL,2026-10-12
43998210,Paola Núñez Ferrer,paola.nunez@gmail.com,,YOKI Esencial,49.00,MENSUAL,2026-10-20
48112907,Sebastián Loayza Prado,sebastian.loayza@gmail.com,965874123,YOKI Full,89.00,MENSUAL,2026-10-20
45003311,Valeria Ttito Quispe,valeria.ttito@gmail.com,951236478,YOKI Anual,890.00,ANUAL,2026-11-01
42117733,Gonzalo Medina Ríos,gonzalo.medina-arroba-gmail.com,944556677,YOKI Full,89.00,MENSUAL,2026-10-05
47228844,Rosa Huamán Delgado,rosa.huaman@gmail.com,922334455,YOKI Esencial,cuarenta y nueve,MENSUAL,2026-10-05
44871203,Lucía Ramírez Paredes,otro.correo@gmail.com,987654321,YOKI Full,89.00,MENSUAL,2026-10-05
49556677,Martín Zegarra Ponce,martin.zegarra@gmail.com,933445566,YOKI Full,89.00,MENSUAL,05/10/2026
